2021-02-27 21:41:24.777975,45.92,939.49,20.91
2021-02-27 21:41:27.826992,45.97,939.54,20.93
2021-02-27 21:41:30.876357,46.1,939.48,20.92
2021-02-27 21:41:33.925381,46.15,939.51,20.91
2021-02-27 21:41:36.974461,46.18,939.49,20.9
2021-02-27 21:52:11.711760,47.04,939.65,21.25
2021-02-27 21:52:14.784796,46.92,939.65,21.26
2021-02-27 21:52:28.662961,46.99,939.61,21.25
2021-02-27 21:52:31.737443,46.89,939.68,21.26
2021-03-02 16:43:12.048600,42.61,935.36,21.09
2021-03-02 16:43:12.190068,42.61,935.25,21.09
2021-03-02 16:43:12.328063,42.59,935.29,21.1
2021-03-02 16:43:12.465985,42.58,935.29,21.08
2021-03-02 16:43:12.609497,42.58,935.22,21.09
2021-03-02 16:43:12.779331,42.59,935.32,21.1
2021-03-02 16:43:12.949335,42.58,935.22,21.09
2021-03-02 16:43:13.119313,42.57,935.41,21.09
2021-03-02 16:43:13.289356,42.59,935.22,21.09
2021-03-02 16:43:13.459349,42.59,935.27,21.1
2021-03-02 16:43:13.629339,42.59,935.24,21.1
2021-03-02 16:43:13.799345,42.59,935.22,21.09
2021-03-02 16:43:13.969330,42.58,935.25,21.09
2021-03-02 16:43:14.139328,42.58,935.27,21.11
2021-03-02 16:43:14.309339,42.59,935.25,21.09
2021-03-02 16:43:14.479322,42.58,935.27,21.1
2021-03-02 16:43:14.649335,42.56,935.2,21.09
2021-03-02 16:43:14.819368,42.59,935.22,21.09
2021-03-02 16:43:14.989354,42.58,935.22,21.11
2021-03-02 16:43:15.159332,42.57,935.21,21.1
2021-03-02 16:43:15.329348,42.57,935.24,21.1
2021-03-02 16:43:15.499386,42.57,935.27,21.1
2021-03-02 16:43:15.669378,42.55,935.25,21.11
2021-03-02 16:55:46.158880,44.23,935.25,21.25
2021-03-02 16:55:46.296948,44.24,935.29,21.25
2021-03-02 16:55:46.434868,44.23,935.21,21.26
2021-03-02 16:55:46.572719,44.23,935.28,21.26
2021-03-02 16:55:46.710578,44.22,935.27,21.25
2021-03-02 16:55:46.872671,44.23,935.23,21.26
2021-03-02 16:55:47.043092,44.23,935.23,21.26
2021-03-02 16:55:47.208333,44.22,935.19,21.27
2021-03-02 16:55:47.378773,44.21,935.18,21.26
2021-03-02 16:55:47.548413,44.23,935.2,21.26
2021-03-02 16:55:47.712884,44.2,935.23,21.26
2021-03-02 16:55:47.883485,44.21,935.19,21.27
2021-03-02 16:55:48.047165,44.21,935.22,21.27
2021-03-02 16:55:48.217377,44.21,935.23,21.26
2021-03-02 16:55:48.384984,44.19,935.12,21.26
2021-03-02 16:55:48.555401,44.22,935.23,21.26
2021-03-02 16:55:48.725875,44.21,935.22,21.25
2021-03-02 16:55:48.889935,44.22,935.24,21.27
2021-03-02 16:55:49.060379,44.21,935.27,21.27
2021-03-02 16:55:49.224964,44.21,935.23,21.26
2021-03-02 16:55:49.395370,44.21,935.23,21.26
2021-03-02 16:55:49.560934,44.22,935.24,21.27
2021-03-02 16:55:49.731299,44.22,935.21,21.26
2021-03-02 16:55:49.901492,44.23,935.24,21.27
2021-03-02 16:55:50.066321,44.23,935.24,21.27
2021-03-02 16:55:50.236699,44.23,935.25,21.26
2021-03-02 16:55:50.405703,44.24,935.32,21.26
2021-03-02 16:55:50.576115,44.24,935.17,21.26
2021-03-02 16:55:50.746706,44.24,935.22,21.27
2021-03-02 16:55:50.910775,44.24,935.23,21.26
2021-03-02 16:55:51.081145,44.25,935.3,21.27
2021-03-02 16:55:51.245938,44.25,935.23,21.26
2021-03-02 16:55:51.416398,44.25,935.23,21.26
2021-03-02 16:55:51.580581,44.24,935.17,21.26
2021-03-02 16:55:51.751040,44.23,935.22,21.27
2021-03-02 16:55:51.919071,44.22,935.24,21.27
2021-03-02 16:55:52.089547,44.21,935.19,21.27
2021-03-02 16:55:52.254217,44.22,935.19,21.27
2021-03-02 16:55:52.424636,44.21,935.22,21.27
2021-03-02 16:55:52.589981,44.21,935.19,21.27
2021-03-02 16:55:52.760434,44.17,935.25,21.27
2021-03-02 16:55:52.926773,44.17,935.22,21.27
2021-03-02 16:55:53.097164,44.17,935.17,21.26
2021-03-02 16:55:53.264706,44.17,935.22,21.27
2021-03-02 16:55:53.435137,44.17,935.21,21.26
2021-03-02 16:55:53.602398,44.15,935.21,21.26
2021-03-02 16:55:53.772861,44.15,935.22,21.27
2021-03-02 16:55:53.937887,44.16,935.2,21.27
2021-03-02 16:55:54.108353,44.17,935.22,21.27
2021-03-02 16:55:54.272816,44.16,935.22,21.27
2021-03-02 16:55:54.443211,44.18,935.25,21.27
2021-03-02 16:55:54.612786,44.17,935.18,21.26
2021-03-02 16:55:54.776255,44.18,935.24,21.27
2021-03-02 16:55:54.946719,44.18,935.19,21.27
2021-03-02 16:55:55.111644,44.19,935.29,21.26
2021-03-02 16:55:55.282117,44.19,935.22,21.27
2021-03-02 16:55:55.447211,44.21,935.24,21.27
2021-03-02 16:55:55.617685,44.21,935.23,21.26
2021-03-02 16:55:55.781983,44.22,935.24,21.27
2021-03-02 16:55:55.952416,44.21,935.2,21.27
2021-03-02 16:55:56.117389,44.21,935.16,21.27
2021-03-02 16:55:56.287803,44.23,935.17,21.27
2021-03-02 16:55:56.452100,44.25,935.24,21.27
2021-03-02 16:55:56.623313,44.29,935.25,21.27
2021-03-02 16:55:56.793513,44.34,935.18,21.26
2021-03-02 16:55:56.963603,44.41,935.2,21.27
2021-03-02 16:55:57.133634,44.43,935.13,21.27
2021-03-02 16:55:57.303784,44.44,935.2,21.28
2021-03-02 16:55:57.473825,44.46,935.24,21.27
2021-03-02 16:55:57.643865,44.47,935.24,21.27
2021-03-02 16:55:57.814005,44.52,935.23,21.28
2021-03-02 16:55:57.984060,44.54,935.15,21.28
2021-03-02 16:55:58.154194,44.56,935.19,21.27
2021-03-02 16:55:58.324216,44.57,935.24,21.27
2021-03-02 16:55:58.494250,44.54,935.2,21.27
2021-03-02 16:55:58.664599,44.54,935.22,21.27
2021-03-02 16:55:58.834709,44.5,935.2,21.27
2021-03-02 16:55:59.004745,44.45,935.16,21.27
2021-03-02 16:55:59.168965,44.43,935.24,21.27
2021-03-02 16:55:59.340751,44.4,935.2,21.27
2021-03-02 16:55:59.506651,44.37,935.2,21.28
2021-03-02 16:55:59.678164,44.33,935.2,21.27
2021-03-02 16:55:59.843671,44.33,935.23,21.28
2021-03-02 16:56:00.015214,44.3,935.15,21.28
2021-03-02 16:56:00.180874,44.29,935.16,21.29
2021-03-02 16:56:00.352466,44.28,935.15,21.28
2021-03-02 16:56:00.518717,44.27,935.25,21.27
2021-03-02 16:56:00.690243,44.26,935.2,21.28
2021-03-02 16:56:00.856335,44.25,935.24,21.27
2021-03-02 16:56:01.027844,44.23,935.23,21.28
2021-03-02 16:56:01.193280,44.24,935.24,21.27
2021-03-02 16:56:01.364840,44.22,935.2,21.27
2021-03-02 16:56:01.531515,44.22,935.24,21.27
2021-03-02 16:56:01.703127,44.21,935.2,21.28
2021-03-02 16:56:01.869723,44.2,935.2,21.28
2021-03-02 16:56:02.041265,44.21,935.2,21.28
2021-03-02 16:56:02.207344,44.21,935.26,21.28
2021-03-02 16:56:02.378821,44.22,935.23,21.28
2021-03-02 16:56:02.547757,44.21,935.16,21.28
2021-03-02 16:56:02.719215,44.19,935.2,21.27
2021-03-02 16:56:02.890002,44.18,935.15,21.28
2021-03-02 16:56:03.060818,44.17,935.2,21.27
2021-03-02 16:56:03.225944,44.15,935.25,21.27
2021-03-02 16:56:03.396733,44.13,935.26,21.28
2021-03-02 16:56:03.567529,44.13,935.26,21.28
2021-03-02 16:56:03.738305,44.11,935.25,21.29
2021-03-02 16:56:03.908890,44.08,935.22,21.27
2021-03-02 16:56:04.073010,44.1,935.29,21.28
2021-03-02 16:56:04.243376,44.07,935.19,21.27
2021-03-02 16:56:04.408509,44.06,935.27,21.28
2021-03-02 16:56:04.578818,44.05,935.18,21.28
2021-03-02 16:56:04.749144,44.02,935.24,21.28
2021-03-02 16:56:04.919313,44.02,935.26,21.28
2021-03-02 16:56:05.089590,44.02,935.2,21.27
2021-03-02 16:56:05.259957,44.01,935.2,21.28
2021-03-02 16:56:05.429357,44.01,935.22,21.27
2021-03-02 16:56:05.599587,44.02,935.2,21.28
2021-03-02 16:56:05.769878,44.0,935.26,21.28
2021-03-02 16:56:05.934435,44.0,935.19,21.27
2021-03-02 16:56:06.104681,44.02,935.27,21.28
2021-03-02 16:56:06.271608,44.03,935.25,21.27
2021-03-02 16:56:06.441865,44.0,935.25,21.27
2021-03-02 16:56:06.612215,44.02,935.18,21.28
2021-03-02 16:56:06.782535,44.03,935.26,21.28
2021-03-02 16:56:06.952557,44.01,935.23,21.28
2021-03-02 16:56:07.122602,44.03,935.15,21.28
2021-03-02 16:56:07.292656,44.02,935.23,21.28
2021-03-02 16:56:07.462703,44.03,935.23,21.28
2021-03-02 16:56:07.632687,44.02,935.18,21.28
2021-03-02 16:56:07.802692,44.05,935.24,21.27
2021-03-02 16:56:07.972677,44.05,935.25,21.27
2021-03-02 16:56:08.142672,44.03,935.15,21.28
2021-03-02 16:56:08.312646,44.05,935.24,21.27
2021-03-02 16:56:08.482639,44.05,935.26,21.28
2021-03-02 16:56:08.652599,44.06,935.2,21.28
2021-03-02 16:56:08.822581,44.07,935.21,21.28
2021-03-02 16:56:08.992621,44.08,935.21,21.28
2021-03-02 16:56:09.162575,44.09,935.2,21.28
2021-03-02 16:56:09.332584,44.08,935.21,21.28
2021-03-02 16:56:09.502595,44.09,935.2,21.28
2021-03-02 16:56:09.672608,44.11,935.23,21.28
2021-03-02 16:56:09.842446,44.13,935.25,21.29
2021-03-02 16:56:10.011719,44.15,935.2,21.28
2021-03-02 16:56:10.176494,44.17,935.15,21.28
2021-03-02 16:56:10.348491,44.16,935.17,21.27
2021-03-02 16:56:10.514411,44.17,935.2,21.28
2021-03-02 16:56:10.686055,44.19,935.21,21.28
2021-03-02 16:56:10.852011,44.18,935.18,21.28
2021-03-02 16:56:11.023700,44.2,935.26,21.28
2021-03-02 16:56:11.188595,44.2,935.22,21.29
2021-03-02 16:56:11.360136,44.22,935.27,21.28
2021-03-02 16:56:11.526056,44.23,935.26,21.28
2021-03-02 16:56:11.697731,44.24,935.18,21.28
2021-03-02 16:56:11.863326,44.24,935.26,21.28
2021-03-02 16:56:12.035021,44.25,935.2,21.28
2021-03-02 16:56:12.200062,44.25,935.2,21.28
2021-03-02 16:56:12.371659,44.27,935.27,21.28
2021-03-02 16:56:12.541245,44.26,935.16,21.28
2021-03-02 16:56:12.705364,44.27,935.24,21.28
2021-03-02 16:56:12.876607,44.29,935.21,21.28
2021-03-02 16:56:13.041967,44.29,935.26,21.28
2021-03-02 16:56:13.213487,44.29,935.27,21.29
2021-03-02 16:56:13.380028,44.3,935.19,21.29
2021-03-02 16:56:13.551620,44.3,935.23,21.28
2021-03-02 16:56:13.717727,44.31,935.2,21.28
2021-03-02 16:56:13.889275,44.3,935.26,21.28
2021-03-02 16:56:14.060861,44.3,935.21,21.28
2021-03-02 16:56:14.226934,44.31,935.18,21.28
2021-03-02 16:56:14.398506,44.3,935.21,21.28
2021-03-02 16:56:14.570044,44.32,935.21,21.28
2021-03-02 16:56:14.736492,44.31,935.2,21.28
2021-03-02 16:56:14.908085,44.32,935.18,21.28
2021-03-02 16:56:15.073606,44.29,935.27,21.28
2021-03-02 16:56:15.243707,44.3,935.24,21.28
2021-03-02 16:56:15.407502,44.29,935.25,21.29
2021-03-02 16:56:15.577990,44.27,935.18,21.28
2021-03-02 16:56:15.742265,44.27,935.27,21.28
2021-03-02 16:56:15.912790,44.26,935.22,21.29
2021-03-02 16:56:16.077801,44.26,935.23,21.28
2021-03-02 16:56:16.248367,44.23,935.19,21.29
2021-03-02 16:56:16.412828,44.22,935.22,21.29
2021-03-02 16:56:16.583335,44.21,935.23,21.28
2021-03-02 16:56:16.746951,44.22,935.22,21.29
2021-03-02 16:56:16.917426,44.19,935.2,21.28
2021-03-02 16:56:17.081623,44.18,935.26,21.28
2021-03-02 16:56:17.251998,44.17,935.27,21.29
2021-03-02 16:56:17.420199,44.18,935.23,21.3
2021-03-02 16:56:17.590689,44.17,935.25,21.29
2021-03-02 16:56:17.755162,44.15,935.21,21.28
2021-03-02 16:56:17.925566,44.17,935.22,21.29
2021-03-02 16:56:18.091080,44.15,935.21,21.28
2021-03-02 16:56:18.261454,44.14,935.26,21.28
2021-03-02 16:56:18.431536,44.15,935.23,21.3
2021-03-02 16:56:18.595047,44.14,935.27,21.29
2021-03-02 16:56:18.765517,44.14,935.2,21.28
2021-03-02 16:56:18.931073,44.14,935.22,21.29
2021-03-02 16:56:19.101500,44.14,935.2,21.28
2021-03-02 16:56:19.266307,44.14,935.23,21.28
2021-03-02 16:56:19.436695,44.11,935.18,21.28
2021-03-02 16:56:19.604046,44.13,935.19,21.29
2021-03-02 16:56:19.774592,44.09,935.22,21.29
2021-03-02 16:56:19.938473,44.08,935.22,21.29
2021-03-02 16:56:20.108972,44.06,935.22,21.29
2021-03-02 16:56:20.273398,44.05,935.12,21.28
2021-03-02 16:56:20.443471,44.02,935.2,21.28
2021-03-02 16:56:20.612593,44.01,935.22,21.29
2021-03-02 16:56:20.777178,44.02,935.17,21.27
2021-03-02 16:56:20.947654,43.99,935.2,21.29
2021-03-02 16:56:21.111981,44.0,935.16,21.29
2021-03-02 16:56:21.282466,43.99,935.22,21.29
2021-03-02 16:56:21.447470,44.0,935.21,21.28
2021-03-02 16:56:21.617913,44.01,935.2,21.28
2021-03-02 16:56:21.782144,44.0,935.19,21.29
2021-03-02 16:56:21.952587,44.05,935.22,21.29
2021-03-02 16:56:22.117584,44.05,935.27,21.29
2021-03-02 16:56:22.287998,44.05,935.24,21.28
2021-03-02 16:56:22.452277,44.03,935.17,21.27
2021-03-02 16:56:22.622757,44.07,935.14,21.29
2021-03-02 16:56:22.788304,44.07,935.18,21.28
2021-03-02 16:56:22.958699,44.11,935.25,21.29
2021-03-02 16:56:23.123123,44.09,935.27,21.28
2021-03-02 16:56:23.293701,44.11,935.18,21.28
2021-03-02 16:56:23.457354,44.1,935.21,21.28
2021-03-02 16:56:23.627762,44.11,935.22,21.29
2021-03-02 16:56:23.792057,44.1,935.23,21.28
2021-03-02 16:56:23.962483,44.11,935.21,21.28
2021-03-02 16:56:24.127445,44.1,935.21,21.28
2021-03-02 16:56:24.297848,44.1,935.19,21.29
2021-03-02 16:56:24.462109,44.09,935.22,21.29
2021-03-02 16:56:24.632473,44.09,935.16,21.28
2021-03-02 16:56:24.797476,44.09,935.25,21.29
2021-03-02 16:56:24.967922,44.09,935.21,21.28
2021-03-02 16:56:25.132262,44.06,935.18,21.28
2021-03-02 16:56:25.302655,44.05,935.25,21.29
2021-03-02 16:56:25.467368,44.05,935.27,21.29
2021-03-02 16:56:25.637778,44.05,935.17,21.29
2021-03-02 16:56:25.803769,44.04,935.16,21.29
2021-03-02 16:56:25.974328,44.02,935.25,21.29
2021-03-02 16:56:26.138481,44.01,935.22,21.29
2021-03-02 16:56:26.308942,44.0,935.17,21.29
2021-03-02 16:56:26.475124,44.01,935.23,21.29
2021-03-02 16:56:26.645513,44.0,935.22,21.29
2021-03-02 16:56:26.812890,43.98,935.22,21.29
2021-03-02 16:56:26.983359,43.97,935.22,21.29
2021-03-02 16:56:27.146958,43.94,935.22,21.29
2021-03-02 16:56:27.317369,43.96,935.25,21.29
2021-03-02 16:56:27.484897,43.95,935.23,21.3
2021-03-02 16:56:27.655273,43.96,935.18,21.3
2021-03-02 16:56:27.824796,43.94,935.21,21.3
2021-03-02 16:56:27.988702,43.94,935.19,21.29
2021-03-02 16:56:28.159111,43.94,935.22,21.29
2021-03-02 16:56:28.323546,43.95,935.22,21.29
2021-03-02 16:56:28.494019,43.94,935.2,21.29
2021-03-02 16:56:28.657676,43.95,935.22,21.29
2021-03-02 16:56:28.828064,43.95,935.22,21.29
2021-03-02 16:56:28.995577,43.96,935.2,21.29
2021-03-02 16:56:29.165984,43.97,935.21,21.3
2021-03-02 16:56:29.336430,43.97,935.16,21.29
2021-03-02 16:56:29.500534,43.98,935.16,21.29
2021-03-02 16:56:29.670973,43.98,935.2,21.29
2021-03-02 16:56:29.835747,43.98,935.16,21.29
2021-03-02 16:56:30.006227,43.98,935.2,21.29
2021-03-02 16:56:30.175244,43.96,935.17,21.29
2021-03-02 16:56:30.345648,43.95,935.19,21.29
2021-03-02 16:56:30.516089,43.95,935.17,21.29
2021-03-02 16:56:30.680041,43.94,935.17,21.29
2021-03-02 16:56:30.850438,43.94,935.26,21.3
2021-03-02 16:56:31.018447,43.95,935.16,21.29
2021-03-02 16:56:31.188872,43.95,935.21,21.3
2021-03-02 16:56:31.353226,43.95,935.18,21.3
2021-03-02 16:56:31.523866,43.97,935.23,21.3
2021-03-02 16:56:31.690829,43.97,935.23,21.3
2021-03-02 16:56:31.861263,43.97,935.19,21.29
2021-03-02 16:56:32.031690,43.97,935.15,21.3
2021-03-02 16:56:32.198188,43.98,935.21,21.3
2021-03-02 16:56:32.368607,44.0,935.2,21.29
2021-03-02 16:56:32.534761,43.99,935.19,21.29
2021-03-02 16:56:32.705181,44.0,935.21,21.3
2021-03-02 16:56:32.868911,44.01,935.28,21.29
2021-03-02 16:56:33.039317,44.01,935.2,21.29
2021-03-02 16:56:33.204486,44.01,935.19,21.29
2021-03-02 16:56:33.374997,44.0,935.15,21.29
2021-03-02 16:56:33.542217,44.03,935.22,21.29
2021-03-02 16:56:33.712625,44.03,935.29,21.3
2021-03-02 16:56:33.877652,44.03,935.14,21.29
2021-03-02 16:56:34.048047,44.05,935.17,21.29
2021-03-02 16:56:34.212261,44.05,935.16,21.29
2021-03-02 16:56:34.382701,44.06,935.14,21.29
2021-03-02 16:56:34.551082,44.05,935.23,21.29
2021-03-02 16:56:34.721443,44.05,935.19,21.3
2021-03-02 16:56:34.887949,44.06,935.29,21.3
2021-03-02 16:56:35.058366,44.07,935.19,21.3
2021-03-02 16:56:35.222818,44.06,935.18,21.3
2021-03-02 16:56:35.393240,44.07,935.23,21.29
2021-03-02 16:56:35.562847,44.06,935.13,21.28
2021-03-02 16:56:35.726439,44.08,935.18,21.3
2021-03-02 16:56:35.896941,44.07,935.19,21.29
2021-03-02 16:56:36.060940,44.08,935.18,21.3
2021-03-02 16:56:36.231336,44.09,935.16,21.29
2021-03-02 16:56:36.399546,44.11,935.17,21.29
2021-03-02 16:56:36.569989,44.13,935.14,21.29
2021-03-02 16:56:36.734861,44.13,935.22,21.29
2021-03-02 16:56:36.905369,44.14,935.19,21.29
2021-03-02 16:56:37.069378,44.15,935.18,21.3
2021-03-02 16:56:37.239828,44.15,935.23,21.3
2021-03-02 16:56:37.406168,44.15,935.27,21.28
2021-03-02 16:56:37.576615,44.18,935.18,21.3
2021-03-02 16:56:37.740742,44.19,935.25,21.29
2021-03-02 16:56:37.911242,44.19,935.22,21.29
2021-03-02 16:56:38.076085,44.19,935.2,21.29
2021-03-02 16:56:38.246546,44.21,935.23,21.3
2021-03-02 16:56:38.410744,44.22,935.23,21.3
2021-03-02 16:56:38.581342,44.22,935.16,21.29
2021-03-02 16:56:38.751423,44.24,935.19,21.29
2021-03-02 16:56:38.921437,44.23,935.2,21.29
2021-03-02 16:56:39.091423,44.25,935.22,21.29
2021-03-02 16:56:39.261784,44.26,935.14,21.29
2021-03-02 16:56:39.431766,44.26,935.2,21.29
2021-03-02 16:56:39.601776,44.26,935.22,21.29
2021-03-02 16:56:39.771867,44.29,935.2,21.29
2021-03-02 16:56:39.941879,44.26,935.17,21.29
2021-03-02 16:56:40.111898,44.26,935.25,21.29
2021-03-02 16:56:40.281974,44.25,935.27,21.29
2021-03-02 16:56:40.451977,44.26,935.18,21.3
2021-03-02 16:56:40.622049,44.25,935.25,21.29
2021-03-02 16:56:40.792090,44.26,935.21,21.28
2021-03-02 16:56:40.962110,44.24,935.23,21.29
2021-03-02 16:56:41.132108,44.25,935.27,21.29
2021-03-02 16:56:41.302068,44.25,935.2,21.29
2021-03-02 16:56:41.472081,44.26,935.22,21.29
2021-03-02 16:56:41.642042,44.25,935.22,21.29
2021-03-02 16:56:41.812045,44.26,935.19,21.29
2021-03-02 16:56:41.982042,44.25,935.26,21.3
2021-03-02 16:56:42.152001,44.26,935.18,21.3
2021-03-02 16:56:42.321983,44.27,935.25,21.29
2021-03-02 16:56:42.491943,44.23,935.23,21.3
2021-03-02 16:56:42.656245,44.25,935.17,21.29
2021-03-02 16:56:42.826093,44.23,935.19,21.29
2021-03-02 16:56:42.994373,44.25,935.18,21.3
2021-03-02 16:56:43.164273,44.24,935.22,21.29
2021-03-02 16:56:43.334108,44.26,935.23,21.29
2021-03-02 16:56:43.504049,44.25,935.19,21.29
2021-03-02 16:56:43.673996,44.25,935.25,21.29
2021-03-02 16:56:43.837275,44.24,935.17,21.29
2021-03-02 16:56:44.007219,44.23,935.22,21.29
2021-03-02 16:56:44.171504,44.24,935.28,21.29
2021-03-02 16:56:44.341506,44.23,935.16,21.29
2021-03-02 16:56:44.511489,44.25,935.19,21.29
2021-03-02 16:56:44.681508,44.25,935.29,21.3
2021-03-02 16:56:44.851518,44.24,935.18,21.3
2021-03-02 16:56:45.021540,44.24,935.23,21.3
2021-03-02 16:56:45.191572,44.25,935.22,21.29
2021-03-02 16:56:45.361626,44.25,935.19,21.29
2021-03-02 16:56:45.531627,44.25,935.28,21.29
2021-03-02 16:56:45.701668,44.23,935.22,21.29
2021-03-02 16:56:45.871698,44.23,935.22,21.29
2021-03-02 16:56:46.041701,44.24,935.2,21.29
2021-03-02 16:56:46.211704,44.24,935.21,21.3
2021-03-02 16:56:46.381775,44.26,935.22,21.29
2021-03-02 16:56:46.551678,44.26,935.18,21.3
2021-03-02 16:56:46.721558,44.27,935.23,21.29
2021-03-02 16:56:46.891440,44.28,935.22,21.29
2021-03-02 16:56:47.061302,44.28,935.18,21.3
2021-03-02 16:56:47.231157,44.31,935.16,21.29
2021-03-02 16:56:47.401120,44.31,935.23,21.3
2021-03-02 16:56:47.565152,44.32,935.19,21.29
2021-03-02 16:56:47.735114,44.32,935.21,21.3
2021-03-02 16:56:47.903176,44.34,935.21,21.3
2021-03-02 16:56:48.073082,44.36,935.22,21.29
2021-03-02 16:56:48.242966,44.38,935.26,21.3
2021-03-02 16:56:48.407401,44.38,935.22,21.29
2021-03-02 16:56:48.577263,44.4,935.23,21.29
2021-03-02 16:56:48.747243,44.4,935.23,21.29
2021-03-02 16:56:48.917164,44.42,935.23,21.29
2021-03-02 16:56:49.085625,44.42,935.19,21.29
2021-03-02 16:56:49.255491,44.42,935.22,21.29
2021-03-02 16:56:49.425462,44.42,935.28,21.29
2021-03-02 16:56:49.595330,44.45,935.21,21.28
2021-03-02 16:56:49.765191,44.45,935.17,21.29
2021-03-02 16:56:49.929433,44.45,935.2,21.29
2021-03-02 16:56:50.099283,44.46,935.27,21.29
2021-03-02 16:56:50.262999,44.47,935.22,21.29
2021-03-02 16:56:50.432840,44.48,935.27,21.29
2021-03-02 16:56:50.602877,44.48,935.25,21.29
2021-03-02 16:56:50.772904,44.47,935.15,21.29
2021-03-02 16:56:50.942946,44.5,935.16,21.28
2021-03-02 16:56:51.112902,44.51,935.16,21.29
2021-03-02 16:56:51.282927,44.52,935.18,21.3
2021-03-02 16:56:51.452890,44.52,935.23,21.29
2021-03-02 16:56:51.622988,44.52,935.27,21.29
2021-03-02 16:56:51.792991,44.5,935.23,21.29
2021-03-02 16:56:51.963001,44.51,935.22,21.29
2021-03-02 16:56:52.133000,44.52,935.18,21.28
2021-03-02 16:56:52.302990,44.5,935.17,21.29
2021-03-02 16:56:52.473009,44.48,935.23,21.29
2021-03-02 16:56:52.642964,44.5,935.21,21.3
2021-03-02 16:56:52.812962,44.5,935.22,21.29
2021-03-02 16:56:52.982944,44.5,935.18,21.3
2021-03-02 16:56:53.152917,44.5,935.22,21.29
2021-03-02 16:56:53.322898,44.49,935.19,21.29
2021-03-02 16:56:53.492927,44.47,935.17,21.29
2021-03-02 16:56:53.662916,44.47,935.23,21.29
2021-03-02 16:56:53.832916,44.48,935.23,21.3
2021-03-02 16:56:54.002890,44.46,935.2,21.29
2021-03-02 16:56:54.172920,44.48,935.28,21.29
2021-03-02 16:56:54.343000,44.46,935.16,21.29
2021-03-02 16:56:54.510484,44.46,935.22,21.29
2021-03-02 16:56:54.680858,44.47,935.2,21.29
2021-03-02 16:56:54.851133,44.44,935.23,21.3
2021-03-02 16:56:55.015784,44.43,935.2,21.29
2021-03-02 16:56:55.186094,44.44,935.18,21.3
2021-03-02 16:56:55.356476,44.42,935.14,21.29
2021-03-02 16:56:55.526799,44.4,935.21,21.3
2021-03-02 16:56:55.697183,44.39,935.23,21.3
2021-03-02 16:56:55.867546,44.39,935.16,21.29
2021-03-02 16:56:56.031741,44.38,935.22,21.29
2021-03-02 16:56:56.202030,44.36,935.23,21.29
2021-03-02 16:56:56.366880,44.37,935.22,21.29
2021-03-02 16:56:56.537165,44.35,935.22,21.29
2021-03-02 16:56:56.706172,44.33,935.22,21.29
2021-03-02 16:56:56.876406,44.3,935.24,21.28
2021-03-02 16:56:57.046341,44.32,935.25,21.29
2021-03-02 16:56:57.214729,44.29,935.19,21.29
2021-03-02 16:56:57.384654,44.3,935.17,21.29
2021-03-02 16:56:57.554537,44.29,935.19,21.29
2021-03-02 16:56:57.722529,44.28,935.21,21.28
2021-03-02 16:56:57.892392,44.3,935.16,21.29
2021-03-02 16:56:58.062235,44.29,935.19,21.29
2021-03-02 16:56:58.232066,44.29,935.22,21.29
2021-03-02 16:56:58.401987,44.29,935.25,21.29
2021-03-02 16:56:58.566249,44.29,935.18,21.28
2021-03-02 16:56:58.736533,44.3,935.16,21.29
2021-03-02 16:56:58.903481,44.3,935.19,21.29
2021-03-02 16:56:59.073339,44.31,935.27,21.28
2021-03-02 16:56:59.243155,44.31,935.16,21.29
2021-03-02 16:56:59.407524,44.32,935.23,21.29
2021-03-02 16:56:59.577362,44.33,935.22,21.29
2021-03-02 16:56:59.742551,44.33,935.22,21.29
2021-03-02 16:56:59.912411,44.31,935.27,21.29
2021-03-02 16:57:00.076724,44.33,935.19,21.29
2021-03-02 16:57:00.246628,44.34,935.22,21.29
2021-03-02 16:57:00.416494,44.35,935.22,21.29
2021-03-02 16:57:00.586485,44.33,935.22,21.29
2021-03-02 16:57:00.756440,44.33,935.25,21.29
2021-03-02 16:57:00.919854,44.34,935.19,21.29
2021-03-02 16:57:01.089736,44.33,935.16,21.29
2021-03-02 16:57:01.253537,44.33,935.25,21.29
2021-03-02 16:57:01.423512,44.33,935.25,21.29
2021-03-02 16:57:01.593560,44.32,935.22,21.29
2021-03-02 16:57:01.763492,44.33,935.22,21.29
2021-03-02 16:57:01.933406,44.34,935.25,21.29
2021-03-02 16:57:02.103269,44.33,935.25,21.29
2021-03-02 16:57:02.273251,44.33,935.16,21.28
2021-03-02 16:57:02.443691,44.34,935.19,21.29
2021-03-02 16:57:02.609935,44.33,935.22,21.29
2021-03-02 16:57:02.780354,44.32,935.2,21.29
2021-03-02 16:57:02.945033,44.32,935.22,21.29
2021-03-02 16:57:03.115486,44.32,935.22,21.29
2021-03-02 16:57:03.280322,44.31,935.22,21.29
2021-03-02 16:57:03.450765,44.32,935.21,21.28
2021-03-02 16:57:03.618747,44.31,935.23,21.29
2021-03-02 16:57:03.789213,44.3,935.21,21.28
2021-03-02 16:57:03.953643,44.3,935.16,21.29
2021-03-02 16:57:04.124193,44.26,935.18,21.28
2021-03-02 16:57:04.287790,44.29,935.21,21.28
2021-03-02 16:57:04.458313,44.27,935.16,21.29
2021-03-02 16:57:04.622365,44.27,935.16,21.29
2021-03-02 16:57:04.792538,44.26,935.24,21.28
2021-03-02 16:57:04.959315,44.25,935.25,21.29
2021-03-02 16:57:05.129325,44.26,935.18,21.28
2021-03-02 16:57:05.299359,44.24,935.22,21.29
2021-03-02 16:57:05.469340,44.24,935.19,21.29
2021-03-02 16:57:05.639365,44.23,935.22,21.29
2021-03-02 16:57:05.809347,44.24,935.21,21.28
2021-03-02 16:57:05.979348,44.24,935.18,21.28
2021-03-02 16:57:06.149354,44.24,935.22,21.29
2021-03-02 16:57:06.319407,44.24,935.22,21.29
2021-03-02 16:57:06.489424,44.24,935.31,21.29
2021-03-02 16:57:06.659425,44.25,935.22,21.29
2021-03-02 16:57:06.829417,44.25,935.25,21.29
2021-03-02 16:57:06.999419,44.25,935.18,21.28
2021-03-02 16:57:07.169393,44.26,935.2,21.28
2021-03-02 16:57:07.339436,44.26,935.28,21.29
2021-03-02 16:57:07.509416,44.26,935.21,21.28
2021-03-02 16:57:07.679391,44.27,935.2,21.29
2021-03-02 16:57:07.849359,44.26,935.22,21.29
2021-03-02 16:57:08.019360,44.26,935.18,21.3
2021-03-02 16:57:08.189337,44.28,935.19,21.29
2021-03-02 16:57:08.359353,44.27,935.19,21.29
2021-03-02 16:57:08.529365,44.27,935.21,21.3
2021-03-02 16:57:08.699387,44.27,935.23,21.29
2021-03-02 16:57:08.869492,44.27,935.2,21.29
2021-03-02 16:57:09.039478,44.26,935.23,21.29
2021-03-02 16:57:09.209437,44.26,935.16,21.29
2021-03-02 16:57:09.379418,44.26,935.15,21.29
2021-03-02 16:57:09.549491,44.25,935.25,21.29
2021-03-02 16:57:09.719579,44.23,935.19,21.29
2021-03-02 16:57:09.889634,44.21,935.22,21.29
2021-03-02 16:57:10.059619,44.22,935.22,21.29
2021-03-02 16:57:10.229578,44.21,935.19,21.29
2021-03-02 16:57:10.399583,44.21,935.25,21.29
2021-03-02 16:57:10.569874,44.18,935.16,21.29
2021-03-02 16:57:10.740075,44.18,935.16,21.28
2021-03-02 16:57:10.904530,44.18,935.18,21.28
2021-03-02 16:57:11.074785,44.18,935.22,21.29
2021-03-02 16:57:11.245004,44.18,935.23,21.29
2021-03-02 16:57:11.415294,44.17,935.25,21.29
2021-03-02 16:57:11.585593,44.17,935.22,21.29
2021-03-02 16:57:11.755817,44.17,935.22,21.29
2021-03-02 16:57:11.926149,44.17,935.23,21.29
2021-03-02 16:57:12.096450,44.18,935.25,21.29
2021-03-02 16:57:12.266752,44.21,935.27,21.29
2021-03-02 16:57:12.436734,44.19,935.23,21.3
2021-03-02 16:57:12.606774,44.21,935.24,21.28
2021-03-02 16:57:12.776767,44.21,935.18,21.28
2021-03-02 16:57:12.946768,44.21,935.18,21.3
2021-03-02 16:57:13.116764,44.22,935.19,21.29
2021-03-02 16:57:13.286788,44.22,935.23,21.3
2021-03-02 16:57:13.456683,44.22,935.16,21.29
2021-03-02 16:57:13.625137,44.23,935.19,21.29
2021-03-02 16:57:13.795617,44.24,935.2,21.28
2021-03-02 16:57:13.967211,44.24,935.16,21.29
2021-03-02 16:57:14.131750,44.25,935.22,21.29
2021-03-02 16:57:14.302899,44.24,935.21,21.28
2021-03-02 16:57:14.467823,44.25,935.23,21.29
2021-03-02 16:57:14.638629,44.26,935.2,21.29
2021-03-02 16:57:14.803697,44.26,935.2,21.29
2021-03-02 16:57:14.975257,44.26,935.23,21.29
2021-03-02 16:57:15.140512,44.27,935.22,21.29
2021-03-02 16:57:15.312078,44.27,935.25,21.29
2021-03-02 16:57:15.477529,44.27,935.25,21.29
2021-03-02 16:57:15.648426,44.27,935.23,21.29
2021-03-02 16:57:15.815194,44.31,935.22,21.29
2021-03-02 16:57:15.986728,44.29,935.16,21.29
2021-03-02 16:57:16.152080,44.31,935.22,21.29
2021-03-02 16:57:16.323839,44.32,935.24,21.28
2021-03-02 16:57:16.492252,44.32,935.16,21.29
2021-03-02 16:57:16.663809,44.34,935.21,21.28
2021-03-02 16:57:16.834060,44.34,935.28,21.29
2021-03-02 16:57:16.999067,44.37,935.21,21.28
2021-03-02 16:57:17.169879,44.38,935.22,21.29
2021-03-02 16:57:17.337758,44.41,935.19,21.29
2021-03-02 16:57:17.508198,44.43,935.22,21.29
2021-03-02 16:57:17.672576,44.43,935.21,21.28
2021-03-02 16:57:17.842677,44.45,935.2,21.28
2021-03-02 16:57:18.013088,44.47,935.18,21.28
2021-03-02 16:57:18.183437,44.46,935.27,21.28
2021-03-02 16:57:18.353898,44.48,935.18,21.28
2021-03-02 16:57:18.524357,44.48,935.21,21.28
2021-03-02 16:57:18.694692,44.48,935.22,21.29
2021-03-02 16:57:18.865032,44.52,935.19,21.29
2021-03-02 16:57:19.035349,44.49,935.19,21.29
2021-03-02 16:57:19.205345,44.5,935.16,21.28
2021-03-02 16:57:19.375536,44.52,935.22,21.29
2021-03-02 16:57:19.545774,44.53,935.16,21.28
2021-03-02 16:57:19.716088,44.53,935.21,21.28
2021-03-02 16:57:19.886473,44.53,935.27,21.28
2021-03-02 16:57:20.056673,44.52,935.18,21.28
2021-03-02 16:57:20.225575,44.52,935.22,21.29
2021-03-02 16:57:20.399029,44.5,935.16,21.29
2021-03-02 16:57:20.569234,44.5,935.16,21.29
2021-03-02 16:57:20.739417,44.48,935.25,21.29
2021-03-02 16:57:20.909665,44.47,935.27,21.28
2021-03-02 16:57:21.079884,44.46,935.23,21.29
2021-03-02 16:57:21.250231,44.42,935.21,21.28
2021-03-02 16:57:21.420477,44.42,935.19,21.29
2021-03-02 16:57:21.590501,44.39,935.2,21.28
2021-03-02 16:57:21.760672,44.37,935.22,21.29
2021-03-02 16:57:21.930741,44.35,935.18,21.28
2021-03-02 16:57:22.100765,44.36,935.22,21.29
2021-03-02 16:57:22.270778,44.33,935.26,21.28
2021-03-02 16:57:22.440816,44.33,935.22,21.29
2021-03-02 16:57:22.610794,44.32,935.2,21.28
2021-03-02 16:57:22.780807,44.33,935.16,21.29
2021-03-02 16:57:22.950839,44.32,935.18,21.28
2021-03-02 16:57:23.120856,44.34,935.19,21.29
2021-03-02 16:57:23.290883,44.34,935.21,21.28
2021-03-02 16:57:23.460929,44.35,935.21,21.28
2021-03-02 16:57:23.630829,44.37,935.22,21.29
2021-03-02 16:57:23.795055,44.37,935.16,21.29
2021-03-02 16:57:23.964957,44.37,935.23,21.28
2021-03-02 16:57:24.136473,44.38,935.25,21.29
2021-03-02 16:57:24.301971,44.38,935.25,21.29
2021-03-02 16:57:24.473683,44.39,935.22,21.29
2021-03-02 16:57:24.638391,44.42,935.22,21.29
2021-03-02 16:57:24.809904,44.41,935.23,21.29
2021-03-02 16:57:24.977521,44.4,935.16,21.29
2021-03-02 16:57:25.149031,44.4,935.22,21.29
2021-03-02 16:57:25.316486,44.39,935.19,21.29
2021-03-02 16:57:25.488094,44.39,935.27,21.29
2021-03-02 16:57:25.658740,44.4,935.27,21.29
2021-03-02 16:57:25.823165,44.37,935.2,21.28
2021-03-02 16:57:25.993866,44.36,935.16,21.28
2021-03-02 16:57:26.163938,44.37,935.24,21.28
2021-03-02 16:57:26.333983,44.36,935.28,21.29
2021-03-02 16:57:26.504102,44.33,935.21,21.28
2021-03-02 16:57:26.674273,44.32,935.2,21.28
2021-03-02 16:57:26.844345,44.31,935.27,21.28
2021-03-02 16:57:27.011110,44.3,935.2,21.28
2021-03-02 16:57:27.181414,44.3,935.19,21.29
2021-03-02 16:57:27.351824,44.29,935.22,21.29
2021-03-02 16:57:27.516433,44.27,935.3,21.29
2021-03-02 16:57:27.686756,44.26,935.22,21.29
2021-03-02 16:57:27.855708,44.24,935.27,21.28
2021-03-02 16:57:28.026009,44.23,935.19,21.29
2021-03-02 16:57:28.196494,44.23,935.23,21.29
2021-03-02 16:57:28.359270,44.22,935.21,21.28
2021-03-02 16:57:28.529009,44.2,935.23,21.28
2021-03-02 16:57:28.699120,44.18,935.26,21.28
2021-03-02 16:57:28.869165,44.18,935.24,21.28
2021-03-02 16:57:29.039198,44.17,935.27,21.29
2021-03-02 16:57:29.209175,44.15,935.25,21.29
2021-03-02 16:57:29.379302,44.16,935.22,21.29
2021-03-02 16:57:29.549610,44.15,935.26,21.28
2021-03-02 16:57:29.712414,44.15,935.21,21.28
2021-03-02 16:57:29.882645,44.12,935.2,21.28
2021-03-02 16:57:30.052692,44.13,935.22,21.29
2021-03-02 16:57:30.222683,44.1,935.22,21.29
2021-03-02 16:57:30.392759,44.09,935.25,21.29
2021-03-02 16:57:30.562785,44.09,935.22,21.29
2021-03-02 16:57:30.732838,44.09,935.2,21.28
2021-03-02 16:57:30.902926,44.09,935.25,21.29
2021-03-02 16:57:31.072963,44.08,935.22,21.29
2021-03-02 16:57:31.242997,44.06,935.22,21.29
2021-03-02 16:57:31.413060,44.06,935.22,21.29
2021-03-02 16:57:31.583395,44.06,935.16,21.29
2021-03-02 16:57:31.740916,44.07,935.27,21.28
2021-03-02 16:57:31.910838,44.07,935.26,21.28
2021-03-02 16:57:32.075750,44.07,935.22,21.29
2021-03-02 16:57:32.246255,44.08,935.18,21.28
2021-03-02 16:57:32.416066,44.08,935.2,21.28
2021-03-02 16:57:32.586185,44.07,935.15,21.28
2021-03-02 16:57:32.756593,44.08,935.18,21.28
2021-03-02 16:57:32.926996,44.09,935.15,21.28
2021-03-02 16:57:33.097475,44.08,935.15,21.28
2021-03-02 16:57:33.267835,44.09,935.18,21.28
2021-03-02 16:57:33.438236,44.09,935.2,21.28
2021-03-02 16:57:33.608601,44.11,935.22,21.29
2021-03-02 16:57:33.778950,44.09,935.2,21.28
2021-03-02 16:57:33.949354,44.09,935.21,21.28
2021-03-02 16:57:34.119791,44.09,935.18,21.28
2021-03-02 16:57:34.290160,44.06,935.16,21.29
2021-03-02 16:57:34.460256,44.1,935.21,21.28
2021-03-02 16:57:34.630584,44.09,935.18,21.28
2021-03-02 16:57:34.795334,44.09,935.22,21.29
2021-03-02 16:57:34.965792,44.09,935.23,21.28
2021-03-02 16:57:35.136198,44.09,935.2,21.28
2021-03-02 16:57:35.300039,44.09,935.2,21.28
2021-03-02 16:57:35.470509,44.1,935.19,21.29
2021-03-02 16:57:35.638757,44.09,935.15,21.28
2021-03-02 16:57:35.808995,44.1,935.2,21.29
2021-03-02 16:57:35.979254,44.09,935.16,21.28
2021-03-02 16:57:36.149566,44.11,935.12,21.28
2021-03-02 16:57:36.319960,44.11,935.16,21.29
2021-03-02 16:57:36.487626,44.1,935.2,21.28
2021-03-02 16:57:36.650342,44.11,935.22,21.29
2021-03-02 16:57:36.820616,44.1,935.16,21.29
2021-03-02 16:57:36.990690,44.09,935.23,21.28
2021-03-02 16:57:37.160686,44.12,935.21,21.28
2021-03-02 16:57:37.330718,44.13,935.2,21.28
2021-03-02 16:57:37.500794,44.13,935.2,21.28
2021-03-02 16:57:37.670863,44.11,935.21,21.28
2021-03-02 16:57:37.841493,44.12,935.19,21.29
2021-03-02 16:57:38.011184,44.12,935.2,21.27
2021-03-02 16:57:38.181539,44.14,935.2,21.28
2021-03-02 16:57:38.351833,44.14,935.18,21.28
2021-03-02 16:57:38.522154,44.14,935.2,21.28
2021-03-02 16:57:38.692530,44.14,935.2,21.28
2021-03-02 16:57:38.862914,44.12,935.21,21.28
2021-03-02 16:57:39.027780,44.14,935.23,21.28
2021-03-02 16:57:39.198117,44.13,935.2,21.28
2021-03-02 16:57:39.368490,44.13,935.21,21.28
2021-03-02 16:57:39.538785,44.14,935.22,21.29
2021-03-02 16:57:39.709141,44.13,935.27,21.28
2021-03-02 16:57:39.879436,44.13,935.16,21.29
2021-03-02 16:57:40.045422,44.11,935.22,21.29
2021-03-02 16:57:40.215693,44.12,935.2,21.28
2021-03-02 16:57:40.385818,44.12,935.27,21.29
2021-03-02 16:57:40.555857,44.11,935.21,21.28
2021-03-02 16:57:40.725864,44.11,935.19,21.29
2021-03-02 16:57:40.888940,44.11,935.23,21.28
2021-03-02 16:57:41.059571,44.11,935.19,21.29
2021-03-02 16:57:41.224575,44.1,935.21,21.28
2021-03-02 16:57:41.395041,44.14,935.2,21.28
2021-03-02 16:57:41.563810,44.1,935.23,21.28
2021-03-02 16:57:41.734469,44.13,935.32,21.28
2021-03-02 16:57:41.905120,44.11,935.2,21.27
2021-03-02 16:57:42.072708,44.14,935.2,21.28
2021-03-02 16:57:42.243780,44.13,935.27,21.28
2021-03-02 16:57:42.411044,44.14,935.2,21.28
2021-03-02 16:57:42.580887,44.14,935.2,21.27
2021-03-02 16:57:42.750987,44.15,935.18,21.28
2021-03-02 16:57:42.915587,44.15,935.22,21.29
2021-03-02 16:57:43.085945,44.16,935.2,21.27
2021-03-02 16:57:43.248640,44.17,935.16,21.29
2021-03-02 16:57:43.420039,44.19,935.2,21.27
2021-03-02 16:57:43.591580,44.18,935.18,21.28
2021-03-02 16:57:43.755749,44.2,935.23,21.28
2021-03-02 16:57:43.926307,44.19,935.2,21.28
2021-03-02 16:57:44.091675,44.19,935.22,21.29
2021-03-02 16:57:44.263208,44.21,935.2,21.28
2021-03-02 16:57:44.429585,44.21,935.23,21.28
2021-03-02 16:57:44.601127,44.22,935.2,21.28
2021-03-02 16:57:44.767237,44.24,935.21,21.28
2021-03-02 16:57:44.938700,44.24,935.2,21.28
2021-03-02 16:57:45.107593,44.25,935.27,21.28
2021-03-02 16:57:45.272034,44.25,935.2,21.28
2021-03-02 16:57:45.443568,44.24,935.2,21.28
2021-03-02 16:57:45.609231,44.23,935.23,21.28
2021-03-02 16:57:45.779241,44.26,935.22,21.29
2021-03-02 16:57:45.949277,44.25,935.23,21.28
2021-03-02 16:57:46.119288,44.27,935.18,21.28
2021-03-02 16:57:46.289413,44.27,935.2,21.28
2021-03-02 16:57:46.459471,44.27,935.18,21.28
2021-03-02 16:57:46.629546,44.27,935.18,21.28
2021-03-02 16:57:46.799628,44.26,935.2,21.28
2021-03-02 16:57:46.969688,44.26,935.18,21.28
2021-03-02 16:57:47.139703,44.27,935.2,21.28
2021-03-02 16:57:47.309790,44.29,935.2,21.28
2021-03-02 16:57:47.480215,44.29,935.2,21.28
2021-03-02 16:57:47.644536,44.3,935.21,21.28
2021-03-02 16:57:47.814952,44.29,935.2,21.28
2021-03-02 16:57:47.985325,44.31,935.16,21.29
2021-03-02 16:57:48.155193,44.3,935.16,21.29
2021-03-02 16:57:48.319919,44.31,935.22,21.29
2021-03-02 16:57:48.489851,44.32,935.21,21.28
2021-03-02 16:57:48.654119,44.31,935.19,21.29
2021-03-02 16:57:48.824430,44.31,935.2,21.27
2021-03-02 16:57:48.995021,44.34,935.2,21.28
2021-03-02 16:57:49.157763,44.33,935.19,21.29
2021-03-02 16:57:49.328035,44.34,935.16,21.29
2021-03-02 16:57:49.498067,44.35,935.23,21.28
2021-03-02 16:57:49.668096,44.35,935.16,21.28
2021-03-02 16:57:49.835538,44.37,935.16,21.29
2021-03-02 16:57:50.005846,44.37,935.18,21.28
2021-03-02 16:57:50.169704,44.36,935.22,21.29
2021-03-02 16:57:50.339916,44.37,935.16,21.29
2021-03-02 16:57:50.510234,44.37,935.29,21.28
2021-03-02 16:57:50.680473,44.38,935.2,21.28
2021-03-02 16:57:50.850678,44.36,935.21,21.28
2021-03-02 16:57:51.015102,44.36,935.23,21.28
2021-03-02 16:57:51.185303,44.37,935.18,21.28
2021-03-02 16:57:51.353960,44.37,935.27,21.29
2021-03-02 16:57:51.524232,44.37,935.2,21.28
2021-03-02 16:57:51.697592,44.35,935.23,21.28
2021-03-02 16:57:51.861600,44.36,935.24,21.28
2021-03-02 16:57:52.031851,44.33,935.18,21.28
2021-03-02 16:57:52.196382,44.33,935.16,21.29
2021-03-02 16:57:52.366564,44.33,935.22,21.29
2021-03-02 16:57:52.536776,44.32,935.25,21.29
2021-03-02 16:57:52.706983,44.36,935.1,21.28
2021-03-02 16:57:52.877230,44.36,935.19,21.29
2021-03-02 16:57:53.047444,44.33,935.23,21.28
2021-03-02 16:57:53.217613,44.33,935.18,21.28
2021-03-02 16:57:53.387783,44.33,935.18,21.28
2021-03-02 16:57:53.557955,44.32,935.24,21.28
2021-03-02 16:57:53.728152,44.32,935.2,21.28
2021-03-02 16:57:53.892906,44.31,935.27,21.29
2021-03-02 16:57:54.063227,44.33,935.12,21.28
2021-03-02 16:57:54.228345,44.31,935.22,21.29
2021-03-02 16:57:54.398650,44.3,935.25,21.29
2021-03-02 16:57:54.569002,44.3,935.19,21.29
2021-03-02 16:57:54.739312,44.3,935.2,21.28
2021-03-02 16:57:54.909585,44.32,935.16,21.29
2021-03-02 16:57:55.073902,44.3,935.26,21.28
2021-03-02 16:57:55.244308,44.31,935.16,21.29
2021-03-02 16:57:55.414669,44.31,935.26,21.28
2021-03-02 16:57:55.584974,44.32,935.26,21.28
2021-03-02 16:57:55.755228,44.3,935.18,21.28
2021-03-02 16:57:55.924491,44.3,935.16,21.28
2021-03-02 16:57:56.094752,44.29,935.21,21.28
2021-03-02 16:57:56.265060,44.27,935.15,21.28
2021-03-02 16:57:56.429300,44.29,935.21,21.28
2021-03-02 16:57:56.599756,44.29,935.18,21.28
2021-03-02 16:57:56.768328,44.27,935.24,21.28
2021-03-02 16:57:56.938512,44.26,935.2,21.28
2021-03-02 16:57:57.108583,44.28,935.19,21.29
2021-03-02 16:57:57.278628,44.29,935.18,21.28
2021-03-02 16:57:57.448703,44.29,935.2,21.27
2021-03-02 16:57:57.618711,44.3,935.21,21.28
2021-03-02 16:57:57.788699,44.3,935.2,21.29
2021-03-02 16:57:57.958723,44.31,935.14,21.29
2021-03-02 16:57:58.128777,44.31,935.16,21.29
2021-03-02 16:57:58.293621,44.34,935.16,21.29
2021-03-02 16:57:58.464028,44.32,935.2,21.28
2021-03-02 16:57:58.634543,44.34,935.18,21.28
2021-03-02 16:57:58.804844,44.34,935.16,21.28
2021-03-02 16:57:58.975157,44.35,935.27,21.28
2021-03-02 16:57:59.145471,44.35,935.21,21.28
2021-03-02 16:57:59.315816,44.36,935.22,21.29
2021-03-02 16:57:59.486232,44.36,935.2,21.28
2021-03-02 16:57:59.656525,44.36,935.21,21.28
2021-03-02 16:57:59.826812,44.36,935.2,21.29
2021-03-02 16:57:59.997152,44.37,935.22,21.29
2021-03-02 16:58:00.167468,44.35,935.2,21.28
2021-03-02 16:58:00.337854,44.36,935.26,21.28
2021-03-02 16:58:00.505286,44.35,935.2,21.28
2021-03-02 16:58:00.675563,44.37,935.2,21.27
2021-03-02 16:58:00.845844,44.35,935.2,21.28
2021-03-02 16:58:01.016270,44.36,935.25,21.29
2021-03-02 16:58:01.186339,44.37,935.25,21.29
2021-03-02 16:58:01.356275,44.35,935.16,21.29
2021-03-02 16:58:01.526254,44.34,935.27,21.29
2021-03-02 16:58:01.696996,44.35,935.2,21.28
2021-03-02 16:58:01.867518,44.34,935.19,21.29
2021-03-02 16:58:02.031750,44.34,935.26,21.3
2021-03-02 16:58:02.203237,44.34,935.22,21.29
2021-03-02 16:58:02.368236,44.33,935.25,21.29
2021-03-02 16:58:02.538750,44.35,935.16,21.28
2021-03-02 16:58:02.708621,44.32,935.2,21.28
2021-03-02 16:58:02.872161,44.36,935.18,21.28
2021-03-02 16:58:03.042632,44.35,935.26,21.28
2021-03-02 16:58:03.208309,44.36,935.25,21.29
2021-03-02 16:58:03.378754,44.37,935.21,21.28
2021-03-02 16:58:03.547405,44.38,935.21,21.28
2021-03-02 16:58:03.717589,44.36,935.26,21.28
2021-03-02 16:58:03.887756,44.38,935.2,21.28
2021-03-02 16:58:04.054963,44.38,935.18,21.28
2021-03-02 16:58:04.226572,44.38,935.16,21.28
2021-03-02 16:58:04.392434,44.37,935.15,21.28
2021-03-02 16:58:04.562383,44.4,935.21,21.28
2021-03-02 16:58:04.726797,44.38,935.27,21.28
2021-03-02 16:58:04.897187,44.37,935.2,21.28
2021-03-02 16:58:05.065635,44.39,935.22,21.29
2021-03-02 16:58:05.235542,44.4,935.25,21.29
2021-03-02 16:58:05.406254,44.39,935.26,21.28
2021-03-02 16:58:05.573732,44.4,935.19,21.29
2021-03-02 16:58:05.744305,44.4,935.26,21.28
2021-03-02 16:58:05.914442,44.39,935.2,21.28
2021-03-02 16:58:06.078395,44.37,935.21,21.28
2021-03-02 16:58:06.248871,44.38,935.22,21.29
2021-03-02 16:58:06.416775,44.38,935.19,21.29
2021-03-02 16:58:06.586657,44.37,935.22,21.29
2021-03-02 16:58:06.756524,44.37,935.21,21.28
2021-03-02 16:58:06.926481,44.37,935.27,21.28
2021-03-02 16:58:07.094929,44.37,935.25,21.29
2021-03-02 16:58:07.264824,44.34,935.27,21.28
2021-03-02 16:58:07.434722,44.33,935.25,21.29
2021-03-02 16:58:07.604592,44.33,935.25,21.29
2021-03-02 16:58:07.774511,44.32,935.16,21.29
2021-03-02 16:58:07.943915,44.31,935.18,21.28
2021-03-02 16:58:08.114656,44.3,935.19,21.29
2021-03-02 16:58:08.285530,44.3,935.16,21.29
2021-03-02 16:58:08.450161,44.3,935.22,21.29
2021-03-02 16:58:08.621662,44.31,935.19,21.29
2021-03-02 16:58:08.788186,44.3,935.29,21.3
2021-03-02 16:58:08.959782,44.3,935.19,21.29
2021-03-02 16:58:09.128857,44.29,935.26,21.3
2021-03-02 16:58:09.300372,44.3,935.18,21.28
2021-03-02 16:58:09.466319,44.29,935.23,21.3
2021-03-02 16:58:09.637871,44.3,935.24,21.28
2021-03-02 16:58:09.803493,44.3,935.24,21.28
2021-03-02 16:58:09.975145,44.3,935.26,21.28
2021-03-02 16:58:10.146393,44.3,935.16,21.28
2021-03-02 16:58:10.311777,44.3,935.22,21.29
2021-03-02 16:58:10.483483,44.29,935.27,21.29
2021-03-02 16:58:10.651662,44.29,935.27,21.29
2021-03-02 16:58:10.823238,44.29,935.23,21.3
2021-03-02 16:58:10.989337,44.27,935.23,21.29
2021-03-02 16:58:11.160799,44.3,935.27,21.28
2021-03-02 16:58:11.326863,44.29,935.22,21.29
2021-03-02 16:58:11.498443,44.3,935.23,21.29
2021-03-02 16:58:11.665642,44.29,935.22,21.29
2021-03-02 16:58:11.837472,44.29,935.21,21.3
2021-03-02 16:58:12.006276,44.28,935.23,21.3
2021-03-02 16:58:12.177808,44.27,935.27,21.29
2021-03-02 16:58:12.346756,44.27,935.22,21.29
2021-03-02 16:58:12.518364,44.25,935.21,21.28
2021-03-02 16:58:12.684502,44.25,935.23,21.29
2021-03-02 16:58:12.854462,44.27,935.19,21.29
2021-03-02 16:58:13.024353,44.25,935.23,21.29
2021-03-02 16:58:13.188986,44.23,935.27,21.29
2021-03-02 16:58:13.358827,44.24,935.2,21.29
2021-03-02 16:58:13.528716,44.25,935.25,21.29
2021-03-02 16:58:13.698571,44.23,935.2,21.29
2021-03-02 16:58:13.868446,44.24,935.16,21.29
2021-03-02 16:58:14.032167,44.23,935.22,21.29
2021-03-02 16:58:14.202035,44.22,935.23,21.3
2021-03-02 16:58:14.366282,44.19,935.18,21.28
2021-03-02 16:58:14.536136,44.2,935.23,21.29
2021-03-02 16:58:14.706029,44.2,935.23,21.29
2021-03-02 16:58:14.875908,44.19,935.22,21.29
2021-03-02 16:58:15.040767,44.19,935.16,21.29
2021-03-02 16:58:15.210813,44.17,935.27,21.29
2021-03-02 16:58:15.380920,44.17,935.21,21.28
2021-03-02 16:58:15.552471,44.17,935.22,21.29
2021-03-02 16:58:15.718610,44.17,935.15,21.3
2021-03-02 16:58:15.890123,44.15,935.19,21.29
2021-03-02 16:58:16.055983,44.15,935.18,21.3
2021-03-02 16:58:16.227494,44.16,935.16,21.29
2021-03-02 16:58:16.393179,44.16,935.16,21.29
2021-03-02 16:58:16.564106,44.15,935.24,21.28
2021-03-02 16:58:16.734500,44.16,935.25,21.29
2021-03-02 16:58:16.904798,44.14,935.22,21.29
2021-03-02 16:58:17.075188,44.16,935.22,21.29
2021-03-02 16:58:17.245446,44.14,935.18,21.28
2021-03-02 16:58:17.412603,44.15,935.16,21.29
2021-03-02 16:58:17.582884,44.15,935.25,21.29
2021-03-02 16:58:17.747727,44.16,935.16,21.28
2021-03-02 16:58:17.918055,44.18,935.15,21.28
2021-03-02 16:58:18.088423,44.19,935.23,21.29
2021-03-02 16:58:18.258523,44.2,935.21,21.28
2021-03-02 16:58:18.428504,44.19,935.22,21.29
2021-03-02 16:58:18.598464,44.22,935.19,21.29
2021-03-02 16:58:18.768510,44.23,935.25,21.29
2021-03-02 16:58:18.938542,44.23,935.22,21.29
2021-03-02 16:58:19.108626,44.25,935.22,21.29
2021-03-02 16:58:19.278651,44.25,935.17,21.29
2021-03-02 16:58:19.448667,44.27,935.16,21.29
2021-03-02 16:58:19.618642,44.26,935.22,21.29
2021-03-02 16:58:19.788650,44.27,935.22,21.29
2021-03-02 16:58:19.958647,44.29,935.22,21.29
2021-03-02 16:58:20.128660,44.3,935.21,21.28
2021-03-02 16:58:20.298648,44.3,935.22,21.29
2021-03-02 16:58:20.468698,44.32,935.18,21.3
2021-03-02 16:58:20.638682,44.3,935.22,21.29
2021-03-02 16:58:20.808654,44.31,935.26,21.28
2021-03-02 16:58:20.978625,44.33,935.22,21.29
2021-03-02 16:58:21.148561,44.33,935.22,21.29
2021-03-02 16:58:21.318647,44.32,935.22,21.29
2021-03-02 16:58:21.488705,44.34,935.21,21.28
2021-03-02 16:58:21.658639,44.33,935.25,21.29
2021-03-02 16:58:21.828734,44.34,935.21,21.28
2021-03-02 16:58:21.998722,44.36,935.22,21.29
2021-03-02 16:58:22.168654,44.35,935.24,21.28
2021-03-02 16:58:22.338730,44.38,935.22,21.29
2021-03-02 16:58:22.508701,44.36,935.2,21.29
2021-03-02 16:58:22.678698,44.38,935.22,21.29
2021-03-02 16:58:22.848733,44.38,935.22,21.29
2021-03-02 16:58:23.018745,44.38,935.22,21.29
2021-03-02 16:58:23.188701,44.41,935.16,21.28
2021-03-02 16:58:23.358718,44.41,935.16,21.29
2021-03-02 16:58:23.528724,44.42,935.28,21.29
2021-03-02 16:58:23.698768,44.43,935.19,21.29
2021-03-02 16:58:23.868814,44.44,935.18,21.3
2021-03-02 16:58:24.038798,44.45,935.27,21.28
2021-03-02 16:58:24.208761,44.44,935.22,21.29
2021-03-02 16:58:24.378712,44.45,935.22,21.29
2021-03-02 16:58:24.548689,44.46,935.22,21.29
2021-03-02 16:58:24.718651,44.47,935.21,21.28
2021-03-02 16:58:24.888514,44.48,935.23,21.3
2021-03-02 16:58:25.057163,44.48,935.23,21.3
2021-03-02 16:58:25.227099,44.5,935.23,21.3
2021-03-02 16:58:25.397021,44.49,935.14,21.29
2021-03-02 16:58:25.565413,44.52,935.17,21.29
2021-03-02 16:58:25.735273,44.52,935.23,21.29
2021-03-02 16:58:25.905153,44.53,935.22,21.29
2021-03-02 16:58:26.071430,44.53,935.16,21.29
2021-03-02 16:58:26.241324,44.54,935.25,21.29
2021-03-02 16:58:26.411223,44.56,935.26,21.28
2021-03-02 16:58:26.575466,44.56,935.22,21.29
2021-03-02 16:58:26.745323,44.55,935.22,21.29
2021-03-02 16:58:26.910160,44.55,935.22,21.29
2021-03-02 16:58:27.080021,44.57,935.16,21.29
2021-03-02 16:58:27.249874,44.56,935.27,21.29
2021-03-02 16:58:27.419753,44.56,935.24,21.28
2021-03-02 16:58:27.589678,44.57,935.27,21.29
2021-03-02 16:58:27.753548,44.56,935.24,21.28
2021-03-02 16:58:27.923540,44.55,935.2,21.28
2021-03-02 16:58:28.093512,44.55,935.15,21.28
2021-03-02 16:58:28.263461,44.54,935.19,21.29
2021-03-02 16:58:28.432365,44.54,935.16,21.29
2021-03-02 16:58:28.602215,44.54,935.25,21.29
2021-03-02 16:58:28.772479,44.53,935.22,21.29
2021-03-02 16:58:28.936958,44.54,935.21,21.28
2021-03-02 16:58:29.106803,44.53,935.24,21.28
2021-03-02 16:58:29.276638,44.53,935.22,21.29
2021-03-02 16:58:29.446501,44.53,935.15,21.28
2021-03-02 16:58:29.616382,44.53,935.15,21.28
2021-03-02 16:58:29.786316,44.5,935.16,21.29
2021-03-02 16:58:29.950364,44.52,935.16,21.29
2021-03-02 16:58:30.120256,44.52,935.15,21.28
2021-03-02 16:58:30.284751,44.5,935.22,21.29
2021-03-02 16:58:30.454600,44.51,935.22,21.27
2021-03-02 16:58:30.619432,44.52,935.26,21.28
2021-03-02 16:58:30.789340,44.52,935.24,21.28
2021-03-02 16:58:30.953759,44.52,935.21,21.28
2021-03-02 16:58:31.123622,44.52,935.22,21.29
2021-03-02 16:58:31.293623,44.53,935.23,21.28
2021-03-02 16:58:31.463584,44.52,935.15,21.28
2021-03-02 16:58:31.633463,44.52,935.22,21.29
2021-03-02 16:58:31.797516,44.51,935.16,21.28
2021-03-02 16:58:31.967364,44.51,935.23,21.28
2021-03-02 16:58:32.134356,44.5,935.22,21.29
2021-03-02 16:58:32.304262,44.51,935.2,21.28
2021-03-02 16:58:32.474348,44.5,935.23,21.28
2021-03-02 16:58:32.638239,44.51,935.2,21.27
2021-03-02 16:58:32.808744,44.53,935.2,21.28
2021-03-02 16:58:32.973182,44.54,935.2,21.28
2021-03-02 16:58:33.143775,44.54,935.21,21.28
2021-03-02 16:58:33.307468,44.55,935.15,21.28
2021-03-02 16:58:33.477938,44.56,935.23,21.28
2021-03-02 16:58:33.642255,44.57,935.18,21.28
2021-03-02 16:58:33.812711,44.58,935.21,21.28
2021-03-02 16:58:33.981145,44.56,935.2,21.28
2021-03-02 16:58:34.151600,44.58,935.2,21.28
2021-03-02 16:58:34.322057,44.6,935.09,21.28
2021-03-02 16:58:34.487075,44.59,935.23,21.28
2021-03-02 16:58:34.657564,44.58,935.23,21.28
2021-03-02 16:58:34.821974,44.57,935.2,21.28
2021-03-02 16:58:34.992477,44.57,935.27,21.29
2021-03-02 16:58:35.157461,44.57,935.22,21.29
2021-03-02 16:58:35.327911,44.56,935.15,21.28
2021-03-02 16:58:35.492240,44.54,935.15,21.28
2021-03-02 16:58:35.662634,44.54,935.18,21.28
2021-03-02 16:58:35.827668,44.54,935.2,21.28
2021-03-02 16:58:35.998074,44.52,935.16,21.28
2021-03-02 16:58:36.167401,44.52,935.2,21.28
2021-03-02 16:58:36.331397,44.5,935.18,21.28
2021-03-02 16:58:36.501835,44.49,935.15,21.28
2021-03-02 16:58:36.670088,44.48,935.16,21.28
2021-03-02 16:58:36.840975,44.48,935.2,21.28
2021-03-02 16:58:37.007410,44.47,935.21,21.28
2021-03-02 16:58:37.177821,44.47,935.2,21.28
2021-03-02 16:58:37.345549,44.45,935.17,21.27
2021-03-02 16:58:37.516013,44.46,935.2,21.27
2021-03-02 16:58:37.683391,44.46,935.26,21.28
2021-03-02 16:58:37.853848,44.46,935.24,21.28
2021-03-02 16:58:38.022483,44.46,935.2,21.28
2021-03-02 16:58:38.192924,44.45,935.23,21.28
